[
    {
        "company_name": "Reliance Jio",
        "industry": "Telecommunications",
        "color_theme": "primary",
        "icon": "mobile-alt",
        "partnership_details": "Strategic partner with Government of India for BharatNet 2.0 and Digital India initiatives, providing last-mile connectivity solutions.",
        "initiatives": [
            {
                "name": "JioPhone Digital Literacy",
                "icon": "graduation-cap",
                "description": "Comprehensive digital literacy program targeting rural and semi-urban populations with affordable smartphones and data plans.",
                "target_audience": "Rural communities",
                "impact_stats": [
                    {"label": "Users Trained", "value": "50 Lakh+"},
                    {"label": "Villages Covered", "value": "1,25,000+"}
                ]
            },
            {
                "name": "Jio Fiber Rural Expansion",
                "icon": "network-wired",
                "description": "High-speed fiber-to-the-home connectivity in rural areas, supporting telemedicine, education, and e-governance services.",
                "target_audience": "Rural households",
                "impact_stats": [
                    {"label": "Households Connected", "value": "25 Lakh+"},
                    {"label": "Average Speed", "value": "100 Mbps"}
                ]
            },
            {
                "name": "Digital Farmer Initiative",
                "icon": "seedling",
                "description": "IoT-based agriculture solutions, weather forecasting, and market price information for farmers through mobile applications.",
                "target_audience": "Farmers and agriculturists",
                "impact_stats": [
                    {"label": "Farmers Benefited", "value": "15 Lakh+"},
                    {"label": "Crop Yield Increase", "value": "23%"}
                ]
            }
        ]
    },
    {
        "company_name": "Bharti Airtel",
        "industry": "Telecommunications",
        "color_theme": "danger",
        "icon": "signal",
        "partnership_details": "Partner in Digital India mission providing 4G coverage expansion and digital payment solutions across rural India.",
        "initiatives": [
            {
                "name": "Airtel Internet for All",
                "icon": "globe",
                "description": "Affordable internet access program with special tariffs for rural users and free Wi-Fi zones in public places.",
                "target_audience": "Rural internet users",
                "impact_stats": [
                    {"label": "Free Wi-Fi Zones", "value": "25,000+"},
                    {"label": "Data Cost Reduction", "value": "60%"}
                ]
            },
            {
                "name": "Digital Health Solutions",
                "icon": "heartbeat",
                "description": "Telemedicine platform connecting rural patients with urban doctors, health monitoring apps, and medicine delivery services.",
                "target_audience": "Rural healthcare seekers",
                "impact_stats": [
                    {"label": "Consultations", "value": "10 Lakh+"},
                    {"label": "Lives Impacted", "value": "5 Crore+"}
                ]
            },
            {
                "name": "Airtel Payment Bank",
                "icon": "credit-card",
                "description": "Banking services for unbanked population through digital wallets, micro-loans, and doorstep banking services.",
                "target_audience": "Unbanked rural population",
                "impact_stats": [
                    {"label": "Accounts Opened", "value": "35 Lakh+"},
                    {"label": "Transactions/Month", "value": "50 Crore+"}
                ]
            }
        ]
    },
    {
        "company_name": "Tata Consultancy Services",
        "industry": "Information Technology",
        "color_theme": "info",
        "icon": "laptop-code",
        "partnership_details": "Technology partner for multiple e-governance projects and digital infrastructure development across India.",
        "initiatives": [
            {
                "name": "Digital Village Platform",
                "icon": "home",
                "description": "Comprehensive digital governance platform for rural administration, citizen services, and development monitoring.",
                "target_audience": "Rural administrators",
                "impact_stats": [
                    {"label": "Villages Digitized", "value": "15,000+"},
                    {"label": "Services Online", "value": "200+"}
                ]
            },
            {
                "name": "Skill Development Portal",
                "icon": "users-cog",
                "description": "Online platform providing skill training, certification, and job placement assistance for rural youth.",
                "target_audience": "Rural youth",
                "impact_stats": [
                    {"label": "Youth Trained", "value": "8 Lakh+"},
                    {"label": "Job Placement Rate", "value": "75%"}
                ]
            },
            {
                "name": "mKRISHI Farmer Platform",
                "icon": "tractor",
                "description": "AI-powered agricultural advisory services providing weather alerts, crop guidance, and market linkage solutions.",
                "target_audience": "Small and marginal farmers",
                "impact_stats": [
                    {"label": "Active Farmers", "value": "12 Lakh+"},
                    {"label": "Advisory Messages", "value": "100 Crore+"}
                ]
            }
        ]
    },
    {
        "company_name": "Infosys Limited",
        "industry": "Information Technology",
        "color_theme": "success",
        "icon": "code",
        "partnership_details": "Strategic partner in building digital infrastructure for government services, taxation systems, and citizen portals.",
        "initiatives": [
            {
                "name": "GST Network Development",
                "icon": "file-invoice-dollar",
                "description": "Built and maintains the GST Network platform handling millions of tax transactions and facilitating digital tax compliance.",
                "target_audience": "Businesses and tax payers",
                "impact_stats": [
                    {"label": "Daily Transactions", "value": "1 Crore+"},
                    {"label": "Registered Businesses", "value": "1.3 Crore+"}
                ]
            },
            {
                "name": "Digital Education Initiative",
                "icon": "chalkboard-teacher",
                "description": "Technology-enabled learning solutions for rural schools including digital classrooms and teacher training programs.",
                "target_audience": "Students and teachers",
                "impact_stats": [
                    {"label": "Schools Connected", "value": "5,000+"},
                    {"label": "Students Benefited", "value": "20 Lakh+"}
                ]
            },
            {
                "name": "Rural Innovation Labs",
                "icon": "flask",
                "description": "Establishing innovation centers in rural areas to promote local entrepreneurship and technology adoption.",
                "target_audience": "Rural entrepreneurs",
                "impact_stats": [
                    {"label": "Innovation Centers", "value": "100+"},
                    {"label": "Startups Incubated", "value": "500+"}
                ]
            }
        ]
    },
    {
        "company_name": "Microsoft India",
        "industry": "Technology",
        "color_theme": "primary",
        "icon": "windows",
        "partnership_details": "Technology partner providing cloud infrastructure, AI solutions, and digital skills training for Digital India initiatives.",
        "initiatives": [
            {
                "name": "AI for Good - Rural India",
                "icon": "robot",
                "description": "AI-powered solutions for agriculture, healthcare, and education challenges in rural India using machine learning and IoT.",
                "target_audience": "Rural communities",
                "impact_stats": [
                    {"label": "AI Solutions Deployed", "value": "50+"},
                    {"label": "Rural Organizations", "value": "1,000+"}
                ]
            },
            {
                "name": "Digital Skills for Rural Youth",
                "icon": "user-graduate",
                "description": "Free technology training programs focusing on digital literacy, programming, and cloud computing for rural students.",
                "target_audience": "Rural students",
                "impact_stats": [
                    {"label": "Students Trained", "value": "5 Lakh+"},
                    {"label": "Skill Centers", "value": "2,500+"}
                ]
            },
            {
                "name": "Cloud for Rural Innovation",
                "icon": "cloud",
                "description": "Providing free cloud services and technical support to rural startups and NGOs working on social impact projects.",
                "target_audience": "Rural startups and NGOs",
                "impact_stats": [
                    {"label": "Organizations Supported", "value": "2,000+"},
                    {"label": "Cloud Credits Provided", "value": "$10M+"}
                ]
            }
        ]
    },
    {
        "company_name": "Google India",
        "industry": "Technology",
        "color_theme": "warning",
        "icon": "google",
        "partnership_details": "Partner in Internet Saathi program and Google Station initiative, focusing on internet accessibility and digital literacy.",
        "initiatives": [
            {
                "name": "Internet Saathi Program",
                "icon": "female",
                "description": "Training rural women to become digital literacy instructors in their communities, promoting women's empowerment through technology.",
                "target_audience": "Rural women",
                "impact_stats": [
                    {"label": "Women Trained", "value": "30 Lakh+"},
                    {"label": "Villages Reached", "value": "3 Lakh+"}
                ]
            },
            {
                "name": "Google Pay Rural Adoption",
                "icon": "mobile-alt",
                "description": "Promoting digital payments in rural areas through simplified interfaces, local language support, and merchant training programs.",
                "target_audience": "Rural merchants and consumers",
                "impact_stats": [
                    {"label": "Rural Users", "value": "15 Crore+"},
                    {"label": "Monthly Transactions", "value": "200 Crore+"}
                ]
            },
            {
                "name": "YouTube Learning Initiative",
                "icon": "play",
                "description": "Educational content creation and distribution platform focusing on agriculture, health, and skill development in local languages.",
                "target_audience": "Rural learners",
                "impact_stats": [
                    {"label": "Educational Channels", "value": "10,000+"},
                    {"label": "Video Views/Month", "value": "500 Crore+"}
                ]
            }
        ]
    }
]
