{
    "hotspots": [
        {
            "name": "Digital India - Gram Panchayat Alwar",
            "type": "free",
            "latitude": 27.5530,
            "longitude": 76.6346,
            "address": "Gram Panchayat Bhawan, Alwar, Rajasthan",
            "provider": "BharatNet",
            "speed": "100 Mbps",
            "hours": "9:00 AM - 6:00 PM",
            "contact": "01442-233445",
            "notes": "Free for 30 minutes per day per user"
        },
        {
            "name": "CSC Kochi Centre",
            "type": "community",
            "latitude": 9.9312,
            "longitude": 76.2673,
            "address": "Common Service Center, Kochi, Kerala",
            "provider": "CSC e-Governance",
            "speed": "50 Mbps",
            "hours": "8:00 AM - 8:00 PM",
            "contact": "0484-2345678",
            "notes": "Digital literacy classes available"
        },
        {
            "name": "Smart City Wi-Fi Pune",
            "type": "free",
            "latitude": 18.5204,
            "longitude": 73.8567,
            "address": "Shivajinagar Bus Station, Pune, Maharashtra",
            "provider": "Pune Smart City",
            "speed": "25 Mbps",
            "hours": "24/7",
            "contact": "020-12345678",
            "notes": "Available at all major bus stops and parks"
        },
        {
            "name": "BharatWiFi Patna Junction",
            "type": "free",
            "latitude": 25.5941,
            "longitude": 85.1376,
            "address": "Patna Junction Railway Station, Patna, Bihar",
            "provider": "Indian Railways",
            "speed": "20 Mbps",
            "hours": "24/7",
            "contact": "0612-2345678",
            "notes": "Free for railway passengers"
        },
        {
            "name": "Digital Village Hub Mysore",
            "type": "community",
            "latitude": 12.2958,
            "longitude": 76.6394,
            "address": "District Collectorate, Mysore, Karnataka",
            "provider": "Karnataka Digital Village",
            "speed": "100 Mbps",
            "hours": "9:00 AM - 5:00 PM",
            "contact": "0821-2345678",
            "notes": "Government service access available"
        },
        {
            "name": "Cyber Cafe Connect Varanasi",
            "type": "paid",
            "latitude": 25.3176,
            "longitude": 82.9739,
            "address": "Godowlia Market, Varanasi, Uttar Pradesh",
            "provider": "Local Internet Cafe",
            "speed": "10 Mbps",
            "hours": "7:00 AM - 11:00 PM",
            "contact": "0542-2345678",
            "notes": "₹20 per hour, printing services available"
        },
        {
            "name": "JioFiber Hotspot Ahmedabad",
            "type": "free",
            "latitude": 23.0225,
            "longitude": 72.5714,
            "address": "Ellis Bridge, Ahmedabad, Gujarat",
            "provider": "Reliance Jio",
            "speed": "50 Mbps",
            "hours": "24/7",
            "contact": "199",
            "notes": "Free for Jio users, paid for others"
        },
        {
            "name": "Digital Library Bhopal",
            "type": "free",
            "latitude": 23.2599,
            "longitude": 77.4126,
            "address": "State Central Library, Bhopal, Madhya Pradesh",
            "provider": "MP Digital Library",
            "speed": "30 Mbps",
            "hours": "10:00 AM - 7:00 PM",
            "contact": "0755-2345678",
            "notes": "Library membership required"
        },
        {
            "name": "Village Connect Shimla",
            "type": "community",
            "latitude": 31.1048,
            "longitude": 77.1734,
            "address": "Block Development Office, Shimla, Himachal Pradesh",
            "provider": "HP Digital Village",
            "speed": "25 Mbps",
            "hours": "9:00 AM - 5:00 PM",
            "contact": "0177-2345678",
            "notes": "Agricultural information services available"
        },
        {
            "name": "Smart City Hub Surat",
            "type": "free",
            "latitude": 21.1702,
            "longitude": 72.8311,
            "address": "Surat Municipal Corporation, Surat, Gujarat",
            "provider": "Surat Smart City",
            "speed": "40 Mbps",
            "hours": "24/7",
            "contact": "0261-2345678",
            "notes": "Available at 50+ locations across city"
        },
        {
            "name": "CSC Guwahati Northeast",
            "type": "community",
            "latitude": 26.1445,
            "longitude": 91.7362,
            "address": "Common Service Center, Guwahati, Assam",
            "provider": "CSC e-Governance",
            "speed": "50 Mbps",
            "hours": "8:00 AM - 8:00 PM",
            "contact": "0361-2345678",
            "notes": "Multi-language support available"
        },
        {
            "name": "Digital Seva Kendra Jaipur",
            "type": "free",
            "latitude": 26.9124,
            "longitude": 75.7873,
            "address": "Rajasthan Secretariat, Jaipur, Rajasthan",
            "provider": "Rajasthan Digital Services",
            "speed": "60 Mbps",
            "hours": "9:00 AM - 6:00 PM",
            "contact": "0141-2345678",
            "notes": "Government document services available"
        },
        {
            "name": "Airtel Wi-Fi Chennai Central",
            "type": "paid",
            "latitude": 13.0827,
            "longitude": 80.2707,
            "address": "Chennai Central Railway Station, Chennai, Tamil Nadu",
            "provider": "Bharti Airtel",
            "speed": "30 Mbps",
            "hours": "24/7",
            "contact": "121",
            "notes": "Free for Airtel users, ₹19 for 24 hours for others"
        },
        {
            "name": "Digital Knowledge Center Indore",
            "type": "community",
            "latitude": 22.7196,
            "longitude": 75.8577,
            "address": "MP IT Park, Indore, Madhya Pradesh",
            "provider": "MP IT Development",
            "speed": "100 Mbps",
            "hours": "9:00 AM - 7:00 PM",
            "contact": "0731-2345678",
            "notes": "IT training and certification center"
        },
        {
            "name": "Village Tech Hub Kanpur",
            "type": "free",
            "latitude": 26.4499,
            "longitude": 80.3319,
            "address": "District Magistrate Office, Kanpur, Uttar Pradesh",
            "provider": "UP Digital Village",
            "speed": "35 Mbps",
            "hours": "8:00 AM - 6:00 PM",
            "contact": "0512-2345678",
            "notes": "Farmer registration and support services"
        },
        {
            "name": "Public Wi-Fi Kolkata Metro",
            "type": "free",
            "latitude": 22.5726,
            "longitude": 88.3639,
            "address": "Esplanade Metro Station, Kolkata, West Bengal",
            "provider": "Kolkata Metro Railway",
            "speed": "15 Mbps",
            "hours": "5:00 AM - 11:00 PM",
            "contact": "033-2345678",
            "notes": "Available at all metro stations"
        },
        {
            "name": "Digital Campus Hyderabad",
            "type": "community",
            "latitude": 17.3850,
            "longitude": 78.4867,
            "address": "HITEC City, Hyderabad, Telangana",
            "provider": "T-Hub Innovation",
            "speed": "200 Mbps",
            "hours": "24/7",
            "contact": "040-2345678",
            "notes": "Startup incubation and tech support"
        },
        {
            "name": "Rural Connect Gangtok",
            "type": "free",
            "latitude": 27.3389,
            "longitude": 88.6065,
            "address": "Sikkim State Portal Office, Gangtok, Sikkim",
            "provider": "Sikkim Digital Initiative",
            "speed": "50 Mbps",
            "hours": "9:00 AM - 5:00 PM",
            "contact": "03592-345678",
            "notes": "Mountain connectivity through satellite"
        },
        {
            "name": "Community Center Chandigarh",
            "type": "free",
            "latitude": 30.7333,
            "longitude": 76.7794,
            "address": "Sector 17 Plaza, Chandigarh",
            "provider": "Chandigarh Smart City",
            "speed": "100 Mbps",
            "hours": "24/7",
            "contact": "0172-2345678",
            "notes": "Digital literacy workshops conducted daily"
        },
        {
            "name": "Vi Hotspot Lucknow",
            "type": "paid",
            "latitude": 26.8467,
            "longitude": 80.9462,
            "address": "Hazratganj Market, Lucknow, Uttar Pradesh",
            "provider": "Vodafone Idea",
            "speed": "25 Mbps",
            "hours": "24/7",
            "contact": "199",
            "notes": "₹25 for 1GB data, Vi users get discounts"
        }
    ]
}
